,Month,SKU,min,max,mean
0,2019-01,Hot Chocolate Fudge,1,5,3.0306122448979593
1,2019-02,Hot Chocolate Fudge,1,5,3.0975323149236194
2,2019-03,Hot Chocolate Fudge,1,5,2.9551954242135365
